category,AD_I-AUROC,Din_I-AUROC,INP_I-AUROC,AD_S-AUROC,Din_S-AUROC,INP_S-AUROC,AD_P-AUROC,Din_P-AUROC,INP_P-AUROC,AD_P-AUPR,Din_P-AUPR,INP_P-AUPR,AD_AUPRO,Din_AUPRO,INP_AUPRO
audiojack,0.8260893138076544,0.8695393405182342,0.8841174358823558,0.9622,0.9795,0.9833,0.4931,0.3318,0.3509,0.066,0.1627,0.1743,0.7555,0.7735,0.7856
bottle_cap,0.9212576718374894,0.9058767086401072,0.8866520701792737,0.967,0.9683,0.9688,0.2796,0.0943,0.1068,0.0986,0.0893,0.0831,0.8575,,
button_battery,0.8460043959160521,0.866880601247873,0.8542992058990357,0.9383,0.935,0.944,0.7048,0.4016,0.444,0.3779,0.3916,0.4107,0.7027,0.8234,0.8005
end_cap,0.8284223794109059,0.8709882948216037,0.8661223398156249,0.9516,0.9585,0.9543,0.4414,0.413,0.4568,0.0203,0.0279,0.0282,0.601,0.7001,0.6977
eraser,0.9014894328609846,0.9074102549124712,0.9138619537180842,0.9512,0.9719,0.9706,0.8467,0.3044,0.3725,0.1756,0.1756,0.1982,0.8652,0.8313,0.8451
fire_hood,0.8552904805632078,0.845468931741659,0.8558452708907254,0.9882,0.9915,0.9902,0.4809,0.3057,0.3589,0.2103,0.169,0.1918,0.8097,0.8244,0.8225
mint,0.7553979732470866,0.7199388393460845,0.7561033562406152,0.77,0.7558,0.7899,0.5159,0.4158,0.4523,0.0821,0.1021,0.1157,0.5356,0.5932,0.6024
mounts,0.8449153591997465,0.8884245312001011,0.8925828042144938,0.9964,0.9999,0.9998,0.651,0.3571,0.4063,0.2011,0.1713,0.1828,0.8029,0.8651,0.8679
pcb,0.8391773047643742,0.9208059259363788,0.9335989844343038,0.9829,0.99,0.9905,0.4053,0.4474,0.4598,0.1707,0.1854,0.1893,0.7191,0.836,0.8407
phone_battery,0.8950249135944701,0.9254510368663594,0.9335406105990782,0.9367,0.9561,0.9587,0.8012,0.5758,0.6041,0.1856,0.3369,0.4953,0.7925,0.8138,0.8219
plastic_nut,0.8435898822025619,0.8839327697975891,0.9024151897470872,0.9938,0.9963,0.9989,0.3108,0.1971,0.2458,0.0823,0.0596,0.0681,0.6692,,0.7042
plastic_plug,0.8245408787798197,0.9021439834950076,0.9007515538350916,0.9076,0.9688,0.9675,0.5972,0.371,0.4169,0.0785,0.0784,0.0829,0.7113,0.7934,0.7887
porcelain_doll,0.8294047478724157,0.8487720125415499,0.8861821353638699,0.9486,0.9582,0.9574,0.4808,0.142,0.1811,0.1057,0.1028,0.1293,0.7172,,
regulator,0.7935984317650985,0.8586624958291624,0.8188038038038037,0.9667,0.9851,0.9847,0.2634,0.206,0.2358,0.0815,0.0687,0.0813,0.6716,,0.6438
rolled_strip_base,0.9810340346534654,0.9915897277227722,0.9906834777227724,0.9833,0.9924,0.9917,0.5889,0.2331,0.2632,0.1295,0.1486,0.1562,0.8867,,
sim_card_set,0.9145666239673008,0.9575206089222522,0.962150786220385,0.977,0.993,0.9935,0.8334,0.8217,0.8432,0.1622,0.1382,0.1641,0.6931,0.6627,0.6828
switch,0.8751289465329175,0.9751170268747096,0.9756111159326832,0.9724,0.9893,0.9897,0.2253,0.3387,0.3101,0.3713,0.4043,0.404,,0.8488,0.845
tape,0.9642734678048348,0.9660432539535158,0.9720965732598472,1.0,1.0,1.0,0.3161,0.0902,0.1282,0.108,0.0772,0.0878,0.6793,,
terminalblock,0.948161525139836,0.9745105746060764,0.966992075605372,0.9723,0.9616,0.964,0.6053,0.3523,0.358,0.198,0.1768,0.196,0.8881,0.9521,0.946
toothbrush,0.6503396390598004,0.9087360563932828,0.8989024664462726,0.92,0.9922,0.9945,0.5172,0.4942,0.5329,0.0423,0.1992,0.1915,0.4487,0.8154,0.7927
toy,0.8610183944802156,0.8612243780879536,0.8617982513000013,0.9887,0.9974,0.9982,0.7815,0.4303,0.509,0.0605,0.0425,0.0453,0.6731,0.7082,0.7108
toy_brick,0.809538984398314,0.723750839301701,0.729348223944345,0.957,0.9438,0.9482,0.9259,0.7209,0.7763,0.1749,0.1519,0.1818,0.7147,0.648,0.6558
transistor1,0.8617281002732112,0.9745795851133592,0.9747497293553034,0.9753,1.0,0.9997,0.408,0.3718,0.3799,0.1798,0.1776,0.2305,0.6325,0.8606,0.8544
u_block,0.913808418803586,0.896854590349329,0.9127088167734312,0.9969,0.9952,0.9971,0.5979,0.1564,0.1954,0.1531,0.1096,0.1298,0.7471,,
usb,0.8653091095336232,0.9231451054759638,0.9354756545956082,0.9345,0.9735,0.9767,0.5385,0.4252,0.4262,0.1482,0.1778,0.185,0.8397,0.9109,0.9154
usb_adaptor,0.8360738585245164,0.8205899966261809,0.8401733299595142,0.9274,0.9248,0.9283,0.4833,0.3562,0.3901,0.0585,0.028,0.0377,0.6545,0.6944,0.7129
vcpill,0.9368728232033554,0.919310539030427,0.926934032872408,0.9999,0.997,0.9995,0.6198,0.3289,0.3611,0.4782,0.4816,0.5255,0.8503,0.8691,0.874
wooden_beads,0.9182726449053557,0.8737177282749765,0.8880990012254445,0.8665,0.8364,0.8403,0.7272,0.3445,0.4083,0.2638,0.2378,0.2663,0.7972,0.7965,0.8007
woodstick,0.8431511258273073,0.840843316491559,0.8371669751752965,0.9679,0.9732,0.9747,0.8916,0.8188,0.8639,0.2409,0.2159,0.2351,0.6466,0.6933,0.6796
zipper,0.9739113925160438,0.991386735572782,0.9908600838833398,0.9998,1.0,1.0,0.9186,0.5736,0.5911,0.3054,0.4803,0.5334,0.8403,0.936,0.9265
MEAN,0.8652,0.8938,0.8983,0.9567,0.9662,0.9685,0.575,0.3807,0.4143,0.167,0.179,0.2,0.7311,0.7935,0.7847
