category,AD_Std,Din_Std,INP_Std,AD_Delta,Din_Delta,INP_Delta,worst_model,AD_Std_P,AD_CV_P,AD_P_Delta,Din_Std_P,Din_CV_P,Din_P_Delta,INP_Std_P,INP_CV_P,INP_P_Delta
terminalblock,0.948161525139836,0.9745105746060764,0.966992075605372,-0.3073786085077912,-0.3988893492987435,-0.3886703460581383,Dinomaly,0.6053,0.4777,-0.1276,0.3523,0.6232,0.2709,0.358,0.6081,0.2501
switch,0.8751289465329175,0.9751170268747096,0.9756111159326832,-0.2797420190472842,-0.4189442643373714,-0.4058720520817656,Dinomaly,0.2253,0.4297,0.2044,0.3387,0.3897,0.051,0.3101,0.3808,0.0707
mounts,0.8449153591997465,0.8884245312001011,0.8925828042144938,-0.2331410534291635,-0.2746700520558225,-0.2660098671708323,Dinomaly,0.651,0.4189,-0.2321,0.3571,0.6224,0.2653,0.4063,0.6292,0.2229
usb,0.8653091095336232,0.9231451054759638,0.9354756545956082,-0.2294936977132066,-0.281221817977109,-0.2928593031996565,INP-Former,0.5385,0.3181,-0.2204,0.4252,0.4331,0.0079,0.4262,0.4188,-0.0074
usb_adaptor,0.8360738585245164,0.8205899966261809,0.8401733299595142,-0.2279966542959964,-0.2524585301394513,-0.2320902215474585,Dinomaly,0.4833,0.3461,-0.1372,0.3562,0.5143,0.1581,0.3901,0.5469,0.1568
phone_battery,0.8950249135944701,0.9254510368663594,0.9335406105990782,-0.1964817108294931,-0.303778801843318,-0.3398309331797233,INP-Former,0.8012,0.5651,-0.2361,0.5758,0.775,0.1992,0.6041,0.7273,0.1232
audiojack,0.8260893138076544,0.8695393405182342,0.8841174358823558,-0.1797104352599257,-0.2159588669323021,-0.2440858426575312,INP-Former,0.4931,0.4373,-0.0558,0.3318,0.3778,0.046,0.3509,0.3823,0.0314
pcb,0.8391773047643742,0.9208059259363788,0.9335989844343038,-0.178375188963308,-0.3124513810858531,-0.3290825041291166,INP-Former,0.4053,0.2322,-0.1731,0.4474,0.4173,-0.0301,0.4598,0.4187,-0.0411
transistor1,0.8617281002732112,0.9745795851133592,0.9747497293553034,-0.1520010981513107,-0.3058109161085069,-0.3594217806546573,INP-Former,0.408,0.3489,-0.0591,0.3718,0.4318,0.06,0.3799,0.4266,0.0467
zipper,0.9739113925160438,0.991386735572782,0.9908600838833398,-0.1411529318506063,-0.2571218152613501,-0.2267447151168082,Dinomaly,0.9186,0.6762,-0.2424,0.5736,0.6649,0.0913,0.5911,0.6334,0.0423
sim_card_set,0.9145666239673008,0.9575206089222522,0.962150786220385,-0.1355011993001361,-0.2857056549057516,-0.242471560982919,Dinomaly,0.8334,0.5727,-0.2607,0.8217,0.8136,-0.0081,0.8432,0.8171,-0.0261
toothbrush,0.6503396390598004,0.9087360563932828,0.8989024664462726,-0.1226947334768417,-0.3612849464347678,-0.3271246050536807,Dinomaly,0.5172,0.2423,-0.2749,0.4942,0.6135,0.1193,0.5329,0.6115,0.0786
u_block,0.913808418803586,0.896854590349329,0.9127088167734312,-0.1081643820249633,-0.1470564449331564,-0.1488043295362497,INP-Former,0.5979,0.2569,-0.341,0.1564,0.3146,0.1582,0.1954,0.3453,0.1499
eraser,0.9014894328609846,0.9074102549124712,0.9138619537180842,-0.0988805200874142,-0.1662567691081271,-0.0968852939694231,Dinomaly,0.8467,0.5806,-0.2661,0.3044,0.6026,0.2982,0.3725,0.6265,0.254
regulator,0.7935984317650985,0.8586624958291624,0.8188038038038037,-0.0899642976309642,-0.1578760427093759,-0.106391057724391,Dinomaly,0.2634,0.1767,-0.0867,0.206,0.5448,0.3388,0.2358,0.5474,0.3116
toy,0.8610183944802156,0.8612243780879536,0.8617982513000013,-0.0891433674718754,-0.1289663368048053,-0.0874593434452558,Dinomaly,0.7815,0.5531,-0.2284,0.4303,0.6171,0.1868,0.509,0.6393,0.1303
end_cap,0.8284223794109059,0.8709882948216037,0.8661223398156249,-0.0873179026588711,-0.1932553308182891,-0.205043258267986,INP-Former,0.4414,0.203,-0.2384,0.413,0.4796,0.0666,0.4568,0.4934,0.0366
mint,0.7553979732470866,0.7199388393460845,0.7561033562406152,-0.0744571384136045,-0.0344761589389335,-0.031783325955663,AnomalyDINO,0.5159,0.1276,-0.3883,0.4158,0.634,0.2182,0.4523,0.5889,0.1366
vcpill,0.9368728232033554,0.919310539030427,0.926934032872408,-0.0555675603574763,-0.1780395121011367,-0.1092669660456772,Dinomaly,0.6198,0.5184,-0.1014,0.3289,0.4023,0.0734,0.3611,0.4031,0.042
porcelain_doll,0.8294047478724157,0.8487720125415499,0.8861821353638699,-0.0280663539137336,-0.027256811020219,-0.0434500263246816,INP-Former,0.4808,0.1901,-0.2907,0.142,0.2688,0.1268,0.1811,0.2778,0.0967
plastic_plug,0.8245408787798197,0.9021439834950076,0.9007515538350916,-0.0239999355273726,-0.0649324425365323,-0.0260597762740134,Dinomaly,0.5972,0.2936,-0.3036,0.371,0.6113,0.2403,0.4169,0.5786,0.1617
plastic_nut,0.8435898822025619,0.8839327697975891,0.9024151897470872,-0.0205662504230356,-0.1731474556764187,-0.1406827875506924,Dinomaly,0.3108,0.2232,-0.0876,0.1971,0.4697,0.2726,0.2458,0.534,0.2882
rolled_strip_base,0.9810340346534654,0.9915897277227722,0.9906834777227724,-0.0157223081683167,-0.0636383044554453,-0.0233595297029702,Dinomaly,0.5889,0.2513,-0.3376,0.2331,0.6111,0.378,0.2632,0.5674,0.3042
tape,0.9642734678048348,0.9660432539535158,0.9720965732598472,-0.0111542305144298,-0.1531299763539066,-0.0680180036224905,Dinomaly,0.3161,0.1251,-0.191,0.0902,0.3249,0.2347,0.1282,0.3104,0.1822
wooden_beads,0.9182726449053557,0.8737177282749765,0.8880990012254445,-0.0108112740896737,-0.0028936620775489,0.0017874614985772,AnomalyDINO,0.7272,0.5152,-0.212,0.3445,0.4293,0.0848,0.4083,0.4369,0.0286
woodstick,0.8431511258273073,0.840843316491559,0.8371669751752965,-0.0059061676543933,0.0141173595374771,-0.0001866021728711,AnomalyDINO,0.8916,0.6458,-0.2458,0.8188,0.9065,0.0877,0.8639,0.8976,0.0337
bottle_cap,0.9212576718374894,0.9058767086401072,0.8866520701792737,-0.0026520178049821,-0.0134165002928974,0.0129866895291835,Dinomaly,0.2796,0.1667,-0.1129,0.0943,0.3145,0.2202,0.1068,0.2989,0.1921
button_battery,0.8460043959160521,0.866880601247873,0.8542992058990357,-0.0019357629041405,-0.0270618264322178,-0.0357076006806579,INP-Former,0.7048,0.3988,-0.306,0.4016,0.4999,0.0983,0.444,0.5092,0.0652
toy_brick,0.809538984398314,0.723750839301701,0.729348223944345,0.0026738170508803,-0.0160235225958669,0.014847625941883,Dinomaly,0.9259,0.8241,-0.1018,0.7209,0.8573,0.1364,0.7763,0.8287,0.0524
fire_hood,0.8552904805632078,0.845468931741659,0.8558452708907254,0.0127448729721457,0.0140140801958983,0.0131274869911234,AnomalyDINO,0.4809,0.2864,-0.1945,0.3057,0.3775,0.0718,0.3589,0.4091,0.0502
